WandB_Run_ID,WandB_Folder,Local_Log_Folder,Sync_Command
7p0rz7yt,offline-run-20251217_044105-7p0rz7yt,satellite_0_thermalmapping_135-2025-12-17_04-41-04-0e646ebf-6924-425b-962c-98c6256bbebc,wandb sync wandb/offline-run-20251217_044105-7p0rz7yt
767r3nf0,offline-run-20251217_051724-767r3nf0,satellite_0_thermalmapping_135-2025-12-17_05-17-23-0493a853-e5c2-41bd-b9bb-7130d61b1043,wandb sync wandb/offline-run-20251217_051724-767r3nf0
k6vhsyyz,offline-run-20251217_052033-k6vhsyyz,satellite_0_thermalmapping_135-2025-12-17_05-20-32-4b4277fc-3583-48d4-8075-0fa4919746db,wandb sync wandb/offline-run-20251217_052033-k6vhsyyz
9y3nfepq,offline-run-20251217_090516-9y3nfepq,satellite_0_thermalmapping_135-2025-12-17_09-05-15-14260b5f-de01-4ce1-9b38-2d56c644019f,wandb sync wandb/offline-run-20251217_090516-9y3nfepq
ejodynbv,offline-run-20251217_091013-ejodynbv,satellite_0_thermalmapping_135-2025-12-17_09-10-12-1d5d15ca-50ec-47d7-b1d5-431d4f74e874,wandb sync wandb/offline-run-20251217_091013-ejodynbv
vbs3buyw,offline-run-20251217_160227-vbs3buyw,satellite_0_thermalmapping_135-2025-12-17_16-02-26-bb19368f-df6e-4140-b11c-7b1637170b45,wandb sync wandb/offline-run-20251217_160227-vbs3buyw
74at162o,offline-run-20251217_160531-74at162o,satellite_0_thermalmapping_135-2025-12-17_16-05-30-b5d61d2c-2498-4ea8-86fd-1a1b27848d45,wandb sync wandb/offline-run-20251217_160531-74at162o
vte54xve,offline-run-20251217_160717-vte54xve,satellite_0_thermalmapping_135-2025-12-17_16-07-15-4cd607fb-6eae-4244-acd9-adf391e9a214,wandb sync wandb/offline-run-20251217_160717-vte54xve
1uc3s7tf,offline-run-20251217_160921-1uc3s7tf,satellite_0_thermalmapping_135-2025-12-17_16-09-20-a07be64b-5b21-4f7b-8419-6626e0be594c,wandb sync wandb/offline-run-20251217_160921-1uc3s7tf
s92kmdvj,offline-run-20251218_080353-s92kmdvj,satellite_0_thermalmapping_135_train-2025-12-18_08-03-52-aeea89d5-6af2-4ad0-8752-974119d7c893,wandb sync wandb/offline-run-20251218_080353-s92kmdvj
bup6qgf3,offline-run-20251218_095414-bup6qgf3,satellite_0_thermalmapping_135_train-2025-12-18_09-54-13-6627f6ce-3a79-4a8a-a017-793d0af13e3e,wandb sync wandb/offline-run-20251218_095414-bup6qgf3
f23wdfkv,offline-run-20251218_101239-f23wdfkv,satellite_0_thermalmapping_135_train-2025-12-18_10-12-38-1e97012e-d401-45d6-82e9-1e5c9a59dc14,wandb sync wandb/offline-run-20251218_101239-f23wdfkv
hgahe647,offline-run-20251218_102808-hgahe647,satellite_0_thermalmapping_135_train-2025-12-18_10-28-07-245c9b90-e1d5-4dce-bb0f-bf7c32157456,wandb sync wandb/offline-run-20251218_102808-hgahe647
2asalcnz,offline-run-20251219_140208-2asalcnz,satellite_0_thermalmapping_135_train-2025-12-19_14-02-07-b04032f4-3ce7-470e-839f-169a61f2a809,wandb sync wandb/offline-run-20251219_140208-2asalcnz
mjqa62v0,offline-run-20251219_160158-mjqa62v0,satellite_0_thermalmapping_135_train-2025-12-19_16-01-57-7d1f8ce9-9851-4536-80bf-75f18e5e02a9,wandb sync wandb/offline-run-20251219_160158-mjqa62v0
6nduz0gx,offline-run-20251219_160256-6nduz0gx,satellite_0_thermalmapping_135_train-2025-12-19_16-02-55-48be9e34-75c8-47d7-95da-a7305dd4e2cb,wandb sync wandb/offline-run-20251219_160256-6nduz0gx
2nevuuec,offline-run-20251219_160501-2nevuuec,satellite_0_thermalmapping_135_train-2025-12-19_16-05-00-29d5c861-15ba-49df-b4d1-a677ba5c8e37,wandb sync wandb/offline-run-20251219_160501-2nevuuec
a5pmm1uh,offline-run-20251220_054344-a5pmm1uh,satellite_0_thermalmapping_135_train-2025-12-20_05-43-43-5b90871d-e0e0-49a3-a33d-04c50da003a7,wandb sync wandb/offline-run-20251220_054344-a5pmm1uh
t8legs8s,offline-run-20251220_060100-t8legs8s,NOT_FOUND,wandb sync wandb/offline-run-20251220_060100-t8legs8s
epwjuk27,offline-run-20251220_064042-epwjuk27,satellite_0_thermalmapping_135_train-2025-12-20_06-40-41-b7ded576-ba02-4ffa-a45e-107666bc3457,wandb sync wandb/offline-run-20251220_064042-epwjuk27
tv0abxvt,offline-run-20251220_064320-tv0abxvt,satellite_0_thermalmapping_135_train-2025-12-20_06-43-19-d78d8887-f38e-402c-9c55-ed793c56412a,wandb sync wandb/offline-run-20251220_064320-tv0abxvt
mgsq512o,offline-run-20251222_023005-mgsq512o,NOT_FOUND,wandb sync wandb/offline-run-20251222_023005-mgsq512o
57a8kors,offline-run-20251222_045029-57a8kors,NOT_FOUND,wandb sync wandb/offline-run-20251222_045029-57a8kors
y1zs1aoc,offline-run-20251222_045555-y1zs1aoc,NOT_FOUND,wandb sync wandb/offline-run-20251222_045555-y1zs1aoc
9w581cua,offline-run-20251222_052543-9w581cua,NOT_FOUND,wandb sync wandb/offline-run-20251222_052543-9w581cua
da8vuxbo,offline-run-20251222_053416-da8vuxbo,NOT_FOUND,wandb sync wandb/offline-run-20251222_053416-da8vuxbo
qvsg3cke,offline-run-20251222_054705-qvsg3cke,NOT_FOUND,wandb sync wandb/offline-run-20251222_054705-qvsg3cke
4fj9h0km,offline-run-20251222_061836-4fj9h0km,NOT_FOUND,wandb sync wandb/offline-run-20251222_061836-4fj9h0km
8s4q2afd,offline-run-20251222_070734-8s4q2afd,NOT_FOUND,wandb sync wandb/offline-run-20251222_070734-8s4q2afd
2ck90b3f,offline-run-20251222_071731-2ck90b3f,NOT_FOUND,wandb sync wandb/offline-run-20251222_071731-2ck90b3f
4yt2z1d6,offline-run-20251223_082229-4yt2z1d6,satellite_0_thermalmapping_135_train-2025-12-23_08-22-27-89829287-3941-4fc1-b8c9-4289db673aad,wandb sync wandb/offline-run-20251223_082229-4yt2z1d6
y0xm4smh,offline-run-20251223_084126-y0xm4smh,satellite_0_thermalmapping_135_train-2025-12-23_08-41-24-e6a340a0-b2a9-45c5-a579-001822dddd19,wandb sync wandb/offline-run-20251223_084126-y0xm4smh
a2i5ayrc,offline-run-20251223_084823-a2i5ayrc,satellite_0_thermalmapping_135_train-2025-12-23_08-48-22-19b12df9-aec2-4ff1-9979-37dd254ab1d7,wandb sync wandb/offline-run-20251223_084823-a2i5ayrc
kt4cl03h,offline-run-20251223_085656-kt4cl03h,satellite_0_thermalmapping_135_train-2025-12-23_08-56-55-b8198101-b5d4-408a-8db4-8c17363c853c,wandb sync wandb/offline-run-20251223_085656-kt4cl03h
1c0kz93m,offline-run-20251223_101226-1c0kz93m,satellite_0_thermalmapping_135_train-2025-12-23_10-12-23-031add47-a66f-4c09-a097-49af8c638dd6,wandb sync wandb/offline-run-20251223_101226-1c0kz93m
ebjfbnvg,offline-run-20251224_023522-ebjfbnvg,satellite_0_thermalmapping_135_train-2025-12-24_02-35-19-90bb8ef0-41fa-46d7-9579-17d854349e43,wandb sync wandb/offline-run-20251224_023522-ebjfbnvg
jk6fe2n2,offline-run-20251224_081842-jk6fe2n2,satellite_0_thermalmapping_135_train-2025-12-24_08-18-41-4ff2ac42-37f9-48ba-8dbd-eb3a909299f5,wandb sync wandb/offline-run-20251224_081842-jk6fe2n2
l2uqjr1i,offline-run-20251224_095248-l2uqjr1i,satellite_0_thermalmapping_135_train-2025-12-24_09-52-46-65686684-5d6d-4316-9c41-72054c2a2258,wandb sync wandb/offline-run-20251224_095248-l2uqjr1i
fcwecu1m,offline-run-20251225_050413-fcwecu1m,satellite_0_thermalmapping_135_train-2025-12-25_05-04-11-ec401e03-5ead-4c53-9079-aa0047efe5a5,wandb sync wandb/offline-run-20251225_050413-fcwecu1m
b5ck45w8,offline-run-20251225_050717-b5ck45w8,satellite_0_thermalmapping_135_train-2025-12-25_05-07-15-101f035b-9090-436b-9770-f305d3bd0224,wandb sync wandb/offline-run-20251225_050717-b5ck45w8
tio7nlu1,offline-run-20251226_015447-tio7nlu1,satellite_0_thermalmapping_135_train-2025-12-26_01-54-46-6a4b6bed-7eaa-42e9-b96f-8055bec7bbd2,wandb sync wandb/offline-run-20251226_015447-tio7nlu1
3itek0qa,offline-run-20251226_034020-3itek0qa,satellite_0_thermalmapping_135_train-2025-12-26_03-40-19-bd4c27ac-b600-4f50-bba8-ad393f54be28,wandb sync wandb/offline-run-20251226_034020-3itek0qa
udh0snfv,offline-run-20251226_052128-udh0snfv,satellite_0_thermalmapping_135_train-2025-12-26_05-21-26-d718002c-4af1-4904-bd75-adee5e15ebb6,wandb sync wandb/offline-run-20251226_052128-udh0snfv
